Name,Slug,Collection ID,Locale ID,Item ID,Archived,Draft,Created On,Updated On,Published On,Product Categories,Product Brand,Product Img,Product Main Img,Product Short Description,Offer,Product Review Nuber,Product Discount Price,Product Main Price,Interest Free,Product Summary Head,Product Pros,Product Cons,Product Summary Img,Product Summary Bottom,Product Cta Link
AeroCrisp 4L Digital Air Fryer 1500W Slim Edition,aerocrisp-4l-digital-air-fryer-1500w-slim-edition,6a592ebb3ecadecfd0d7aee3,6a592ebb3ecadecfd0d7ae65,6a592ebb3ecadecfd0d7af23,false,false,Tue Jul 07 2026 10:45:09 GMT+0000 (Coordinated Universal Time),Mon Jul 13 2026 15:05:32 GMT+0000 (Coordinated Universal Time),,kitchen-dining,dormco,https://cdn.prod.website-files.com/6a4c9ad25940ef5baefbcc2a/6a4cd886dd1ea995147d6ca8_AeroCrisp%20(2).png,,,Air Fryer | 28% OFF,4.9,$85.99,$119.99,4x $21.49 interest-free,,,,,,
BrewPulse 1.5L Programmable Coffee Maker with Smart Timer,brewpulse-1-5l-programmable-coffee-maker-with-smart-timer,6a592ebb3ecadecfd0d7aee3,6a592ebb3ecadecfd0d7ae65,6a592ebb3ecadecfd0d7af24,false,false,Tue Jul 07 2026 10:45:57 GMT+0000 (Coordinated Universal Time),Fri Jul 10 2026 10:18:39 GMT+0000 (Coordinated Universal Time),,kitchen-dining,campusmarket,https://cdn.prod.website-files.com/6a4c9ad25940ef5baefbcc2a/6a4cd8ca4a0e236736be8499_BrewPulse%20(2).png,,,Save 20% on Fuel,4.8,$59.99,$74.99,3x $19.99 interest-free,,,,,,
AuraStudy Minimalist Smart LED Desk Lamp with Eye-Care Tech,aurastudy-minimalist-smart-led-desk-lamp-with-eye-care-tech,6a592ebb3ecadecfd0d7aee3,6a592ebb3ecadecfd0d7ae65,6a592ebb3ecadecfd0d7af25,false,false,Tue Jul 07 2026 10:46:27 GMT+0000 (Coordinated Universal Time),Fri Jul 10 2026 10:18:38 GMT+0000 (Coordinated Universal Time),,bedroom-study,unisupplies,https://cdn.prod.website-files.com/6a4c9ad25940ef5baefbcc2a/6a4cd8f99b40e1b65cc67da6_LED%20Desk%20Lamp.png,,,Study Bright • 30% OFF,4.8,$34.99,$49.99,2x $17.49 interest-free,,,,,,
ZenBath Luxury Bamboo Spa Towel Set 6-Piece,zenbath-luxury-bamboo-spa-towel-set-6-piece,6a592ebb3ecadecfd0d7aee3,6a592ebb3ecadecfd0d7ae65,6a592ebb3ecadecfd0d7af26,false,false,Tue Jul 07 2026 10:48:18 GMT+0000 (Coordinated Universal Time),Fri Jul 10 2026 10:18:38 GMT+0000 (Coordinated Universal Time),,bathroom,homezone,https://cdn.prod.website-files.com/6a4c9ad25940ef5baefbcc2a/6a4cd957f7e874b07469a0a5_Towel.png,,,Bath & Beyond • 34% OFF,4.7,$44.99,$65.99,3x $14.99 interest-free,,,,,,
SofaCloud 3-Seater Stretch Sofa Cover with Non-Slip Base,sofacloud-3-seater-stretch-sofa-cover-with-non-slip-base,6a592ebb3ecadecfd0d7aee3,6a592ebb3ecadecfd0d7ae65,6a592ebb3ecadecfd0d7af27,false,false,Tue Jul 07 2026 10:50:26 GMT+0000 (Coordinated Universal Time),Mon Jul 13 2026 14:51:22 GMT+0000 (Coordinated Universal Time),,bedroom-study,homestyle,https://cdn.prod.website-files.com/6a4c9ad25940ef5baefbcc2a/6a4cd9d6057baca2f51d8880_Sofa%20Cover.png,,,Home Décor | 20% OFF,4.6,$579.99,$999.99,2x $39.99 interest-free,,,,,,
SpinClean Portable Compact Washing Machine 5kg,spinclean-portable-compact-washing-machine-5kg,6a592ebb3ecadecfd0d7aee3,6a592ebb3ecadecfd0d7ae65,6a592ebb3ecadecfd0d7af28,false,false,Tue Jul 07 2026 10:51:26 GMT+0000 (Coordinated Universal Time),Mon Jul 13 2026 14:51:13 GMT+0000 (Coordinated Universal Time),,laundry-cleaning,cleanhome,https://cdn.prod.website-files.com/6a4c9ad25940ef5baefbcc2a/6a4cda14f6aabd1b34edc9ea_Compact%20Washing.png,,,Laundry | 31% OFF,4.5,$129.99,$189.99,4x $32.49 interest-free,,,,,,
FreshSeal Vacuum Food Storage Container Set 10pc,freshseal-vacuum-food-storage-container-set-10pc,6a592ebb3ecadecfd0d7aee3,6a592ebb3ecadecfd0d7ae65,6a592ebb3ecadecfd0d7af29,false,false,Tue Jul 07 2026 10:53:22 GMT+0000 (Coordinated Universal Time),Mon Jul 13 2026 14:51:00 GMT+0000 (Coordinated Universal Time),,kitchen-dining,kitchenpro,https://cdn.prod.website-files.com/6a4c9ad25940ef5baefbcc2a/6a4cda8085eb757aaba32206_Food%20Storage%20Container.png,,,Kitchen | 33% OFF,4.7,$39.99,$59.99,2x $19.99 interest-free,,,,,,
GlowMirror LED Vanity Mirror with Touch Dimmer,glowmirror-led-vanity-mirror-with-touch-dimmer,6a592ebb3ecadecfd0d7aee3,6a592ebb3ecadecfd0d7ae65,6a592ebb3ecadecfd0d7af2a,false,false,Tue Jul 07 2026 10:54:17 GMT+0000 (Coordinated Universal Time),Mon Jul 13 2026 14:50:53 GMT+0000 (Coordinated Universal Time),,bathroom,bathessentials,https://cdn.prod.website-files.com/6a4c9ad25940ef5baefbcc2a/6a4cdab33cf4c744c7ddc620_GlowMirror%20LED%20Vanity%20Mirror%20with%20Touch%20Dimmer.png,,,Bath & Beyond • 31% OFF,4.6,$68.99,$99.99,3x $22.99 interest-free,,,,,,
DreamRest Memory Foam Pillow with Cooling Gel Layer,dreamrest-memory-foam-pillow-cooling-gel-layer,6a592ebb3ecadecfd0d7aee3,6a592ebb3ecadecfd0d7ae65,6a592ebb3ecadecfd0d7af2b,false,false,Tue Jul 07 2026 10:56:29 GMT+0000 (Coordinated Universal Time),Mon Jul 13 2026 16:05:46 GMT+0000 (Coordinated Universal Time),,living-social-spaces,sleepwell,https://cdn.prod.website-files.com/6a4c9ad25940ef5baefbcc2a/6a4cdb5cba2a4ee6cd7f37fb_6a4cda6ab83291ed9c8bab08_DreamRest%2520Memory%2520Foam%2520Pillow%2520with%2520Cooling%2520Gel%2520Layer.png,,"For students moving into a dorm, an electric kettle is one of those small purchases that can make campus life noticeably easier. It is not flashy, but it solves several day-to-day problems: quick hot water for coffee, tea, instant noodles, soup cups, and even basic meal prep when time is short.",Bedroom • 31% OFF,4.8,$54.99,$79.99,3x $18.33 interest-free,"<h3>Kitchen Small Space Budget Pick</h3><p>For students moving into a dorm, an electric kettle is one of those small purchases that can make campus life noticeably easier. It is not flashy, but it solves several day-to-day problems: quick hot water for coffee, tea, instant noodles, soup cups, and even basic meal prep when time is short.</p><p>This compact kettle format works especially well for students because it does not take up much desk or counter space. In many dorm rooms, every inch matters, so smaller appliances tend to deliver more real value than oversized ones.</p><p>What makes this type of kettle attractive is speed and convenience. Instead of waiting on a shared kitchen or using a microwave repeatedly, students can heat water quickly in their room and move on with their day. That makes it useful during early class mornings and long study nights alike.</p>","<ul><li>Compact enough for tight dorm rooms</li></ul><ul><li>Useful for tea, ramen, oatmeal, and hot cocoa</li></ul><ul><li>Faster than microwave heating for many daily tasks</li></ul><ul><li>Simple product category that students understand immediately</li></ul>",<ul><li>Only useful if your dorm allows it</li></ul><ul><li>Small size may not be enough for shared-room use</li></ul><ul><li>Needs regular cleaning if used often</li></ul>,https://cdn.prod.website-files.com/6a4c9ad25940ef5baefbcc2a/6a50cb8490836e9563b7d5b0_Electric-kettle.png,"<p>The biggest thing to check before buying is whether your residence hall allows kettles or small heating appliances. Rules vary by campus and building. If approved, though, this is one of the easiest dorm-tech wins because it supports food, drinks, and comfort at the same time.</p><p>Overall, this is the kind of practical item that fits the MyCampusKorner audience well: affordable, compact, useful, and easy to explain. It works best for students who want one small item that improves their routine right away.</p>",https://mycampuskorner.webflow.io/
