Name,Slug,Collection ID,Locale ID,Item ID,Archived,Draft,Created On,Updated On,Published On
Dorm Life,dorm-life,6a592ebb3ecadecfd0d7af05,6a592ebb3ecadecfd0d7ae65,6a592ebb3ecadecfd0d7af36,false,false,Tue Jul 07 2026 20:04:09 GMT+0000 (Coordinated Universal Time),Tue Jul 07 2026 20:04:09 GMT+0000 (Coordinated Universal Time),
Tech,tech,6a592ebb3ecadecfd0d7af05,6a592ebb3ecadecfd0d7ae65,6a592ebb3ecadecfd0d7af37,false,false,Tue Jul 07 2026 20:04:15 GMT+0000 (Coordinated Universal Time),Tue Jul 07 2026 20:04:15 GMT+0000 (Coordinated Universal Time),
Budgeting,budgeting,6a592ebb3ecadecfd0d7af05,6a592ebb3ecadecfd0d7ae65,6a592ebb3ecadecfd0d7af38,false,false,Tue Jul 07 2026 20:04:22 GMT+0000 (Coordinated Universal Time),Tue Jul 07 2026 20:04:22 GMT+0000 (Coordinated Universal Time),
Careers,careers-i5fnf,6a592ebb3ecadecfd0d7af05,6a592ebb3ecadecfd0d7ae65,6a592ebb3ecadecfd0d7af39,false,false,Tue Jul 07 2026 20:04:28 GMT+0000 (Coordinated Universal Time),Tue Jul 07 2026 20:04:28 GMT+0000 (Coordinated Universal Time),
Academics,academics,6a592ebb3ecadecfd0d7af05,6a592ebb3ecadecfd0d7ae65,6a592ebb3ecadecfd0d7af3a,false,false,Tue Jul 07 2026 20:04:33 GMT+0000 (Coordinated Universal Time),Thu Jul 09 2026 08:51:43 GMT+0000 (Coordinated Universal Time),
Lifestyle,lifestyle,6a592ebb3ecadecfd0d7af05,6a592ebb3ecadecfd0d7ae65,6a592ebb3ecadecfd0d7af3b,false,false,Tue Jul 07 2026 20:04:40 GMT+0000 (Coordinated Universal Time),Tue Jul 07 2026 20:04:45 GMT+0000 (Coordinated Universal Time),
Wellness,wellness,6a592ebb3ecadecfd0d7af05,6a592ebb3ecadecfd0d7ae65,6a592ebb3ecadecfd0d7af3c,false,false,Tue Jul 07 2026 20:04:52 GMT+0000 (Coordinated Universal Time),Tue Jul 07 2026 20:04:52 GMT+0000 (Coordinated Universal Time),
Food,food,6a592ebb3ecadecfd0d7af05,6a592ebb3ecadecfd0d7ae65,6a592ebb3ecadecfd0d7af3d,false,false,Tue Jul 07 2026 20:04:58 GMT+0000 (Coordinated Universal Time),Tue Jul 07 2026 20:04:58 GMT+0000 (Coordinated Universal Time),
Travel,travel,6a592ebb3ecadecfd0d7af05,6a592ebb3ecadecfd0d7ae65,6a592ebb3ecadecfd0d7af3e,false,false,Tue Jul 07 2026 20:05:04 GMT+0000 (Coordinated Universal Time),Tue Jul 07 2026 20:05:04 GMT+0000 (Coordinated Universal Time),
